{
    "MAWI": {
        "random": {
            "privacy": 0.37
        },
        "netdiffusion": {
            "fidelity": 0.331123662433813,
            "privacy": 0.6903962630706817
        },
        "rtf_tab": {
            "fidelity": 0.1744224598686385,
            "privacy": 0.7375078566939033
        },
        "rtf_time": {
            "fidelity": 0.38423076841621073,
            "privacy": 0.5046005307633215
        },
        "netshare": {
            "fidelity": 0.37503452754409744,
            "privacy": 0.7229336895034569
        },
        "netdpsyn_2": {
            "fidelity": 0.35723081513154636,
            "privacy": 0.7313859208045255
        },
        "netdpsyn_10": {
            "fidelity": 0.3506701918052774,
            "privacy": 0.7620469306515818
        },
        "netdpsyn_20": {
            "fidelity": 0.1478964000836709,
            "privacy": 0.7986918604651163
        },
        "netshare_7": {
            "fidelity": 0.341446646922533,
            "privacy": 0.716781898177247
        },
        "netshare_40": {
            "fidelity": 0.3340142371437633,
            "privacy": 0.6872075563936029
        },
        "netshare_70": {
            "fidelity": 0.3310630166484564,
            "privacy": 0.8303739786297926
        }
    }
}