{
    "CAIDA": {
        "random": {
            "privacy": 0.48
        },
        "netdiffusion": {
            "fidelity": 0.3978987490711076,
            "privacy": 0.494291781457615
        },
        "rtf_tab": {
            "fidelity": 0.2266517851135744,
            "privacy": 0.5136395469583906
        },
        "rtf_time": {
            "fidelity": 0.3581915772735186,
            "privacy": 0.5097960070792064
        },
        "netshare": {
            "fidelity": 0.19574883893236839,
            "privacy": 0.4987076208304413
        },
        "netdpsyn_2": {
            "fidelity": 0.4202674240985564,
            "privacy": 0.5279167837320625
        },
        "netdpsyn_10": {
            "fidelity": 0.36751826266413984,
            "privacy": 0.5897031573145237
        },
        "netdpsyn_20": {
            "fidelity": 0.3643053298090766,
            "privacy": 0.6072979304016035
        },
        "netshare_7": {
            "fidelity": 0.29200498377582634,
            "privacy": 0.4824506749740395
        },
        "netshare_40": {
            "fidelity": 0.2564795488727374,
            "privacy": 0.4890636422912015
        },
        "netshare_70": {
            "fidelity": 0.29858929368001363,
            "privacy": 0.48474553796641734
        }
    }
}