{
    "WFP": {
        "random": {
            "privacy": 0.40
        },
        "netdiffusion": {
            "fidelity": 0.4747581004590956,
            "privacy": 0.5412454212454213
        },
        "rtf_tab": {
            "fidelity": 0.22295903232562198,
            "privacy": 0.6019047619047619
        },
        "rtf_time": {
            "fidelity": 0.2157459300389268,
            "privacy": 0.5968253968253969
        },
        "netshare": {
            "fidelity": 0.16165698081248722,
            "privacy": 0.46248447204968945
        },
        "netdpsyn_2": {
            "fidelity": 0.4337189743766636,
            "privacy": 0.5348917748917749
        },
        "netdpsyn_10": {
            "fidelity": 0.4299228681342711,
            "privacy": 0.41761904761904767
        },
        "netdpsyn_20": {
            "fidelity": 0.4264614425872301,
            "privacy": 0.5461904761904762
        },
        "netshare_7": {
            "fidelity": 0.3638141844497269,
            "privacy": 0.4947089947089947
        },
        "netshare_40": {
            "fidelity": 0.34460477526096384,
            "privacy": 0.604110275689223
        },
        "netshare_70": {
            "fidelity": 0.283764239700706,
            "privacy": 0.4496428571428571
        }
    }
}