{
    "BFP": {
        "random": {
            "privacy": 0.45
        },
        "netdiffusion": {
            "fidelity": 0.43629825069479194,
            "privacy": 0.6246548323471399
        },
        "rtf_tab": {
            "fidelity": 0.1556569598003518,
            "privacy": 0.5810650887573965
        },
        "rtf_time": {
            "fidelity": 0.15055790515944711,
            "privacy": 0.5166756320602475
        },
        "netshare": {
            "fidelity": 0.11279219276415738,
            "privacy": 0.6267258382642997
        },
        "netdpsyn_2": {
            "fidelity": 0.45411644053583267,
            "privacy": 0.5330374753451677
        },
        "netdpsyn_10": {
            "fidelity": 0.41301199777739317,
            "privacy": 0.5414201183431953
        },
        "netdpsyn_20": {
            "fidelity": 0.42246799523098605,
            "privacy": 0.5440705128205128
        },
        "netshare_7": {
            "fidelity": 0.37220548806431464,
            "privacy": 0.5804007059067788
        },
        "netshare_40": {
            "fidelity": 0.309359548619324,
            "privacy": 0.5488870104254719
        },
        "netshare_70": {
            "fidelity": 0.3737454526648254,
            "privacy": 0.5121893491124261
        }
    }
}