{
    "DC": {
        "random": {
            "privacy": 0.37
        },
        "netdiffusion": {
            "fidelity": 0.4725634153745756,
            "privacy": 0.7058852233617792
        },
        "rtf_tab": {
            "fidelity": 0.22986400888662414,
            "privacy": 0.5821878030492034
        },
        "rtf_time": {
            "fidelity": 0.2506088005000489,
            "privacy": 0.5107805104181916
        },
        "netshare": {
            "fidelity": 0.22620642941203548,
            "privacy": 0.5101934352118581
        },
        "netdpsyn_2": {
            "fidelity": 0.46275304147566754,
            "privacy": 0.757310243670005
        },
        "netdpsyn_10": {
            "fidelity": 0.33292521345615067,
            "privacy": 0.6997850545040365
        },
        "netdpsyn_20": {
            "fidelity": 0.3320624008268387,
            "privacy": 0.7230822719953155
        },
        "netshare_7": {
            "fidelity": 0.2684783941663828,
            "privacy": 0.5155625373016677
        },
        "netshare_40": {
            "fidelity": 0.3604555444401875,
            "privacy": 0.5644854340506514
        },
        "netshare_70": {
            "fidelity": 0.30285156887702597,
            "privacy": 0.5215176170553745
        }
    }
}